{"cameraMode":{"drawMode":0,"name":"Shaded","section":"Shading Mode"},"sceneLighting":true,"audioPlay":false,"sceneViewState":{"showFog":true,"showMaterialUpdate":false,"showSkybox":true,"showFlares":true,"showImageEffects":true,"showParticleSystems":true},"in2DMode":false,"pivot":{"x":3.7310760021209719,"y":0.792300820350647,"z":3.5985782146453859},"rotation":{"x":0.14985454082489015,"y":-0.34303343296051028,"z":0.05553639680147171,"w":0.9256431460380554},"size":31.541404724121095,"orthographic":false}